',P,o,n,t,i,g,u,a,',",", ,',J,a,c,o,b,y,',",", ,3,7,",", ,',J,a,c,o,b,y,_,P,@,y,a,h,o,o,.,c,o,m,',",", ,y,e,s
',W,i,l,s,o,n,',",", ,',K,e,e,g,a,n,',",", ,1,9,",", ,',K,e,e,g,a,n,_,W,@,w,a,v,e,r,l,y,.,o,r,g,',",", ,y,e,s
',P,e,r,r,y,',",", ,',J,o,s,h,',",", ,3,3,",", ,',J,o,s,h,_,P,@,g,o,o,g,l,e,.,c,o,m,',",", ,n,o
',K,a,i,s,e,r,',",", ,',D,a,y,l,o,n,',",", ,2,2,",", ,',D,a,y,l,o,n,_,K,@,g,o,o,g,l,e,.,c,o,m,',",", ,y,e,s
',W,h,i,t,e,h,e,a,d,',",", ,',D,o,n,o,v,a,n,',",", ,4,2,",", ,',D,o,n,o,v,a,n,_,W,@,g,o,o,g,l,e,.,c,o,m,',",", ,n,o
',H,a,m,i,l,t,o,n,',",", ,',V,i,c,t,o,r,',",", ,1,8,",", ,',V,i,c,t,o,r,_,H,@,w,a,v,e,r,l,y,.,o,r,g,',",", ,n,o
',C,a,m,a,c,h,o,',",", ,',H,e,c,t,o,r,',",", ,2,7,",", ,',H,e,c,t,o,r,_,C,@,h,o,t,m,a,i,l,.,c,o,m,',",", ,n,o
',B,i,r,d,',",", ,',C,l,i,f,t,o,n,',",", ,3,3,",", ,',C,l,i,f,t,o,n,_,B,@,g,o,o,g,l,e,.,c,o,m,',",", ,n,o
',L,u,c,e,r,o,',",", ,',D,a,y,s,h,a,',",", ,3,1,",", ,',D,a,y,s,h,a,_,L,@,w,a,v,e,r,l,y,.,o,r,g,',",", ,n,o
',L,e,o,n,a,r,d,',",", ,',P,i,p,e,r,',",", ,3,6,",", ,',P,i,p,e,r,_,L,@,h,o,t,m,a,i,l,.,c,o,m,',",", ,y,e,s
',L,i,n,',",", ,',T,e,r,r,a,n,c,e,',",", ,3,8,",", ,',T,e,r,r,a,n,c,e,_,L,@,y,a,h,o,o,.,c,o,m,',",", ,y,e,s
',A,g,u,i,l,a,r,',",", ,',G,u,i,l,l,e,r,m,o,',",", ,4,3,",", ,',G,u,i,l,l,e,r,m,o,_,A,@,h,o,t,m,a,i,l,.,c,o,m,',",", ,y,e,s
',M,a,r,s,h,',",", ,',L,e,x,i,e,',",", ,2,9,",", ,',L,e,x,i,e,_,M,@,w,a,v,e,r,l,y,.,o,r,g,',",", ,y,e,s
',I,n,s,a,f,',",", ,',K,a,y,c,e,e,',",", ,3,2,",", ,',K,a,y,c,e,e,_,I,@,h,o,t,m,a,i,l,.,c,o,m,',",", ,n,o
',N,i,c,h,o,l,s,o,n,',",", ,',K,i,r,s,t,y,n,',",", ,3,1,",", ,',K,i,r,s,t,y,n,_,N,@,w,a,v,e,r,l,y,.,o,r,g,',",", ,y,e,s
',A,t,k,i,n,s,o,n,',",", ,',D,a,n,g,e,l,o,',",", ,3,4,",", ,',D,a,n,g,e,l,o,_,A,@,w,a,v,e,r,l,y,.,o,r,g,',",", ,n,o
',R,o,c,h,a,',",", ,',A,l,i,a,',",", ,2,4,",", ,',A,l,i,a,_,R,@,y,a,h,o,o,.,c,o,m,',",", ,n,o
',B,h,a,j,i,',",", ,',M,e,l,i,n,a,',",", ,4,3,",", ,',M,e,l,i,n,a,_,B,@,g,o,o,g,l,e,.,c,o,m,',",", ,n,o
',B,l,e,v,i,n,s,',",", ,',T,o,b,y,',",", ,2,2,",", ,',T,o,b,y,_,B,@,y,a,h,o,o,.,c,o,m,',",", ,n,o
',H,a,n,e,y,',",", ,',J,a,z,m,i,n,e,',",", ,2,1,",", ,',J,a,z,m,i,n,e,_,H,@,g,o,o,g,l,e,.,c,o,m,',",", ,y,e,s
